"study","participant_id","cpeptide_visit_number","cpeptide_visit_name","cpeptide_visit_id","cpeptide_study_day","pep.10","glu240","auc2hr_ng_ml","auc2hr_nmol_l_min","log_auc2hr_nmol_l_min"
"TN05","TN05_213442",1,"screening","TN05_213442_1",-31,0.2,NA,128.7,0.355098351482805,-1.03536048144656
"TN05","TN05_213442",11,"12 weeks","TN05_213442_11",85,0.86,NA,207.525,0.572585745077459,-0.557592781707543
"TN05","TN05_213442",16,"26 weeks","TN05_213442_16",181,0.46,NA,110.475,0.304813445066533,-1.18805534503184
"TN05","TN05_213442",18,"52 weeks","TN05_213442_18",377,0.51,155,104.175,0.287431008280662,-1.24677241874013
"TN05","TN05_213442",27,"78 weeks","TN05_213442_27",552,0.83,NA,147.225,0.406210992984117,-0.900882567218008
"TN05","TN05_213442",29,"104 weeks","TN05_213442_29",721,0.43,184,78.9,0.217694327365915,-1.52466336819681
"TN05","TN05_213442",30,"30 months","TN05_213442_30",944,0.09,NA,18.6,0.0513195752725732,-2.96968301532949
"TN05","TN05_264447",1,"screening","TN05_264447_1",-21,1.25,71,337.5,0.93120197067169,-0.0712790857360578
"TN05","TN05_264447",11,"12 weeks","TN05_264447_11",91,0.66,NA,298.5,0.823596409616295,-0.194074663215985
"TN05","TN05_264447",16,"26 weeks","TN05_264447_16",189,1.11,NA,240.975,0.664878207059587,-0.408151402378611
"TN05","TN05_264447",18,"52 weeks","TN05_264447_18",371,NA,132,269.625,0.74392690768105,-0.295812491339322
"TN05","TN05_264447",27,"78 weeks","TN05_264447_27",569,1.12,NA,NA,NA,NA
"TN05","TN05_264447",29,"104 weeks","TN05_264447_29",751,NA,105,168.525,0.464980184022064,-0.76576048930914
"TN05","TN05_264447",30,"30 months","TN05_264447_30",938,0.68,NA,141.825,0.39131176145337,-0.938250692836011
"TN05","TN05_301260",1,"screening","TN05_301260_1",-19,0.93,127,204.225,0.563480659142003,-0.573622268820709
"TN05","TN05_301260",11,"12 weeks","TN05_301260_11",84,0.73,NA,200.7,0.553754771892765,-0.59103334024635
"TN05","TN05_301260",16,"26 weeks","TN05_301260_16",174,0.96,NA,214.8,0.592658320889716,-0.523137233413933
"TN05","TN05_301260",18,"52 weeks","TN05_301260_18",364,0.49,161,84.975,0.234455962838006,-1.45048750046646
"TN05","TN05_301260",27,"78 weeks","TN05_301260_27",545,0.97,NA,255.375,0.704609491141579,-0.350111542910856
"TN05","TN05_301260",29,"104 weeks","TN05_301260_29",727,0.86,218,165.15,0.455668164315347,-0.785990444211844
"TN05","TN05_301260",30,"30 months","TN05_301260_30",951,0.41,NA,172.875,0.476982342755166,-0.74027580606372
"TN05","TN05_393483",1,"screening","TN05_393483_1",-20,1.23,100,331.875,0.915681937827162,-0.088086204052439
"TN05","TN05_393483",11,"12 weeks","TN05_393483_11",77,0.92,NA,418.8,1.15551817871794,0.144548882947739
"TN05","TN05_393483",16,"26 weeks","TN05_393483_16",182,0.78,NA,328.425,0.906162984349185,-0.0985360946930705
"TN05","TN05_393483",18,"52 weeks","TN05_393483_18",357,0.85,241,150.225,0.414488343834532,-0.880710425828651
"TN05","TN05_393483",27,"78 weeks","TN05_393483_27",547,0.31,NA,58.125,0.160373672726791,-1.83024873214112
"TN05","TN05_393483",29,"104 weeks","TN05_393483_29",742,0.18,247,34.875,0.0962242036360747,-2.34107435590711
"TN05","TN05_393483",30,"30 months","TN05_393483_30",923,0.1,NA,15.75,0.0434560919646789,-3.136004230777
"TN05","TN05_428167",1,"screening","TN05_428167_1",-23,3.1,120,579.075,1.59773564790136,0.468587406814347
"TN05","TN05_428167",11,"12 weeks","TN05_428167_11",83,1.18,NA,453.675,1.25174238235401,0.224536486612445
"TN05","TN05_428167",16,"26 weeks","TN05_428167_16",181,1.9,NA,566.7,1.5635915756434,0.446985467126931
"TN05","TN05_428167",18,"52 weeks","TN05_428167_18",371,1.55,108,417.675,1.15241417214903,0.1418590220952
"TN05","TN05_428167",27,"78 weeks","TN05_428167_27",549,0.62,NA,214.425,0.591623652033414,-0.524884569172157
"TN05","TN05_428167",29,"104 weeks","TN05_428167_29",718,0.52,218,97.05,0.267772300010926,-1.31761828643362
"TN05","TN05_428167",30,"30 months","TN05_428167_30",914,0.17,NA,36.6,0.100983680375063,-2.29279635564132
"TN05","TN05_454624",1,"screening","TN05_454624_1",-33,0.7,77,197.025,0.543615017101007,-0.609513971808929
"TN05","TN05_454624",11,"12 weeks","TN05_454624_11",85,1.27,NA,187.725,0.51795522946472,-0.657866470062695
"TN05","TN05_454624",16,"26 weeks","TN05_454624_16",168,1,NA,174,0.480086349324072,-0.733789296834113
"TN05","TN05_454624",18,"52 weeks","TN05_454624_18",392,0.32,248,52.725,0.145474441196044,-1.9277548696838
"TN05","TN05_454624",27,"78 weeks","TN05_454624_27",552,0.025,NA,12.075,0.0333163371729205,-3.40170739651001
"TN05","TN05_454624",29,"104 weeks","TN05_454624_29",742,0.025,350,3,0.00827735085041503,-4.79423230738053
"TN05","TN05_454624",30,"30 months","TN05_454624_30",904,0.025,NA,3,0.00827735085041503,-4.79423230738053
"TN05","TN05_488121",1,"screening","TN05_488121_1",-28,2.29,177,NA,NA,NA
"TN05","TN05_488121",11,"12 weeks","TN05_488121_11",88,1.33,NA,219.45,0.605488214707859,-0.501720179914399
"TN05","TN05_488121",16,"26 weeks","TN05_488121_16",207,1.52,NA,219.6,0.60590208225038,-0.501036886413266
"TN05","TN05_488121",18,"52 weeks","TN05_488121_18",370,1.27,214,224.55,0.619559711153565,-0.478746196514895
"TN05","TN05_488121",27,"78 weeks","TN05_488121_27",546,1.23,NA,191.925,0.529543520655301,-0.63573992533468
"TN05","TN05_488121",29,"104 weeks","TN05_488121_29",728,1.07,237,166.575,0.459599905969294,-0.777398937600041
"TN05","TN05_488121",30,"30 months","TN05_488121_30",910,0.55,NA,138.15,0.381172006661612,-0.964504544679217
"TN05","TN05_491976",1,"screening","TN05_491976_1",-23,0.32,205,51.15,0.141128831999576,-1.95808210365101
"TN05","TN05_491976",11,"12 weeks","TN05_491976_11",84,0.35,NA,NA,NA,NA
"TN05","TN05_491976",16,"26 weeks","TN05_491976_16",186,0.19,NA,34.95,0.0964311374073351,-2.33892612736882
"TN05","TN05_491976",18,"52 weeks","TN05_491976_18",364,0.21,258,44.7,0.123332527671184,-2.09287109442912
"TN05","TN05_491976",27,"78 weeks","TN05_491976_27",550,0.09,NA,26.1,0.0720129523986107,-2.63090928171999
"TN05","TN05_491976",29,"104 weeks","TN05_491976_29",742,0.06,250,17.475,0.0482155687036675,-3.03207330792877
"TN05","TN05_491976",30,"30 months","TN05_491976_30",921,0.07,NA,15,0.0413867542520751,-3.18479439494643
"TN05","TN05_510777",1,"screening","TN05_510777_1",-24,0.75,90,153.225,0.422765694684948,-0.860937166676847
"TN05","TN05_510777",11,"12 weeks","TN05_510777_11",81,0.53,NA,109.725,0.30274410735393,-1.19486736047434
"TN05","TN05_510777",16,"26 weeks","TN05_510777_16",193,0.92,NA,167.4,0.461876177453158,-0.772458437993267
"TN05","TN05_510777",18,"52 weeks","TN05_510777_18",361,0.25,104,92.325,0.254735472421522,-1.36752963531002
"TN05","TN05_510777",27,"78 weeks","TN05_510777_27",536,0.6,NA,77.025,0.212520983084406,-1.54871455156591
"TN05","TN05_510777",29,"104 weeks","TN05_510777_29",736,0.19,169,49.125,0.135541620175546,-1.99847652585922
"TN05","TN05_541320",1,"screening","TN05_541320_1",-14,0.96,51,319.35,0.881123998026679,-0.126556916041044
"TN05","TN05_541320",11,"12 weeks","TN05_541320_11",77,1.61,NA,449.925,1.24139569379099,0.216236306158624
"TN05","TN05_541320",16,"26 weeks","TN05_541320_16",182,1.22,NA,460.575,1.27078028930997,0.23963111283493
"TN05","TN05_541320",18,"52 weeks","TN05_541320_18",364,2.22,94,431.025,1.18924838343338,0.173321497013273
"TN05","TN05_541320",27,"78 weeks","TN05_541320_27",560,1.91,NA,405.825,1.11971863628989,0.113077436148266
"TN05","TN05_541320",29,"104 weeks","TN05_541320_29",728,2.21,118,499.65,1.37859278413662,0.321063257259156
"TN05","TN05_541320",30,"30 months","TN05_541320_30",952,2.28,NA,455.775,1.2575365279493,0.229154670640886
"TN05","TN05_576370",1,"screening","TN05_576370_1",-21,0.79,84,204.6,0.564515327998305,-0.571787742531116
"TN05","TN05_576370",11,"12 weeks","TN05_576370_11",78,0.44,NA,175.725,0.48484582606306,-0.723924322986673
"TN05","TN05_576370",16,"26 weeks","TN05_576370_16",170,0.32,NA,177.9,0.490846905429611,-0.711623001376853
"TN05","TN05_576370",18,"52 weeks","TN05_576370_18",344,1.15,64,251.025,0.692607332408477,-0.367292060283142
"TN05","TN05_576370",27,"78 weeks","TN05_576370_27",560,0.88,NA,255.45,0.704816424912839,-0.349817900271835
"TN05","TN05_576370",29,"104 weeks","TN05_576370_29",717,0.9,90,232.95,0.642736293534727,-0.442020757785837
"TN05","TN05_576370",30,"30 months","TN05_576370_30",907,0.33,NA,148.575,0.409935800866804,-0.891754714795918
"TN05","TN05_581297",1,"screening","TN05_581297_1",-28,0.91,143,175.05,0.482983422121717,-0.727772948647967
"TN05","TN05_581297",11,"12 weeks","TN05_581297_11",91,0.64,NA,89.025,0.245630386486066,-1.4039273668848
"TN05","TN05_596393",1,"screening","TN05_596393_1",-29,0.58,117,140.625,0.388000821113204,-0.946747823089958
"TN05","TN05_596393",11,"12 weeks","TN05_596393_11",83,0.69,NA,106.425,0.293639021418473,-1.22540408433443
"TN05","TN05_596393",16,"26 weeks","TN05_596393_16",176,0.22,NA,45.525,0.125608799155048,-2.07458297043497
"TN05","TN05_596393",18,"52 weeks","TN05_596393_18",364,0.15,298,24.075,0.0664257405745806,-2.71167063836445
"TN05","TN05_596393",27,"78 weeks","TN05_596393_27",531,0.06,NA,7.95,0.0219349797535998,-3.8196726673824
"TN05","TN05_596393",29,"104 weeks","TN05_596393_29",728,0.025,323,3,0.00827735085041503,-4.79423230738053
"TN05","TN05_596393",30,"30 months","TN05_596393_30",867,0.025,NA,3,0.00827735085041503,-4.79423230738053
"TN05","TN05_665926",1,"screening","TN05_665926_1",-23,1.18,84,212.7,0.586864175294425,-0.532961873842451
"TN05","TN05_665926",11,"12 weeks","TN05_665926_11",84,1.46,NA,258.675,0.713714577077035,-0.337272148557628
"TN05","TN05_665926",16,"26 weeks","TN05_665926_16",182,1.58,NA,267.525,0.73813276208576,-0.303631576135577
"TN05","TN05_665926",18,"52 weeks","TN05_665926_18",365,0.66,195,123.525,0.340819921265839,-1.07640103131683
"TN05","TN05_665926",27,"78 weeks","TN05_665926_27",545,0.52,NA,92.925,0.256390942591605,-1.36105187986533
"TN05","TN05_665926",29,"104 weeks","TN05_665926_29",719,0.5,175,98.925,0.272945644292435,-1.29848260877715
"TN05","TN05_665926",30,"30 months","TN05_665926_30",921,0.28,NA,54.75,0.151061653020074,-1.89006722735203
"TN05","TN05_673080",1,"screening","TN05_673080_1",-36,0.47,70,164.025,0.452564157746442,-0.792825740817701
"TN05","TN05_673080",11,"12 weeks","TN05_673080_11",83,0.65,NA,165.525,0.456702833171649,-0.783722355237732
"TN05","TN05_673080",16,"26 weeks","TN05_673080_16",182,0.47,NA,110.25,0.304192643752752,-1.19009408172169
"TN05","TN05_673080",18,"52 weeks","TN05_673080_18",366,0.18,180,87.75,0.24211251237464,-1.41835273370267
"TN05","TN05_673080",27,"78 weeks","TN05_673080_27",547,0.18,NA,59.175,0.163270745524436,-1.81234544064859
"TN05","TN05_673080",29,"104 weeks","TN05_673080_29",742,0.55,149,133.875,0.369376781699771,-0.99593806728073
"TN05","TN05_673080",30,"30 months","TN05_673080_30",904,0.18,NA,60.975,0.168237156034685,-1.78238065194666
"TN05","TN05_720701",1,"screening","TN05_720701_1",-23,1.77,74,260.925,0.719922590214847,-0.328611586342527
"TN05","TN05_720701",11,"12 weeks","TN05_720701_11",77,1.01,NA,236.475,0.652462180783964,-0.427002101949408
"TN05","TN05_720701",16,"26 weeks","TN05_720701_16",183,1.21,NA,215.625,0.59493459237358,-0.519303808263018
"TN05","TN05_720701",18,"52 weeks","TN05_720701_18",369,1.52,136,248.625,0.685985451728145,-0.376898858874506
"TN05","TN05_720701",27,"78 weeks","TN05_720701_27",540,0.91,NA,172.575,0.476154607670124,-0.742012671459103
"TN05","TN05_720701",29,"104 weeks","TN05_720701_29",726,0.78,185,160.35,0.442424402954683,-0.815485669909478
"TN05","TN05_757136",1,"screening","TN05_757136_1",-17,0.89,157,232.725,0.642115492220946,-0.442987097046089
"TN05","TN05_757136",11,"12 weeks","TN05_757136_11",84,0.57,NA,93.675,0.258460280304209,-1.35301325136889
"TN05","TN05_757136",16,"26 weeks","TN05_757136_16",198,0.18,NA,35.775,0.0987074088911992,-2.31559527060613
"TN05","TN05_757136",18,"52 weeks","TN05_757136_18",382,0.025,156,4.8375,0.0133472282462942,-4.31644653769274
"TN05","TN05_757136",27,"78 weeks","TN05_757136_27",578,0.025,NA,3,0.00827735085041503,-4.79423230738053
"TN05","TN05_757136",29,"104 weeks","TN05_757136_29",742,0.025,272,3,0.00827735085041503,-4.79423230738053
"TN05","TN05_804043",1,"screening","TN05_804043_1",-31,0.48,68,183.3,0.505746136960358,-0.681720441202983
"TN05","TN05_804043",11,"12 weeks","TN05_804043_11",84,1.01,NA,213.975,0.590382049405852,-0.526985410280969
"TN05","TN05_804043",16,"26 weeks","TN05_804043_16",180,0.42,NA,160.875,0.443872939353506,-0.812216930132352
"TN05","TN05_804043",18,"52 weeks","TN05_804043_18",362,0.31,180,94.425,0.260529618016813,-1.34503872745012
"TN05","TN05_804043",27,"78 weeks","TN05_804043_27",536,0.52,NA,136.575,0.376826397465144,-0.975970681766861
"TN05","TN05_804043",29,"104 weeks","TN05_804043_29",726,0.39,210,120.975,0.333784173042986,-1.09726068336926
"TN05","TN05_804043",30,"30 months","TN05_804043_30",907,0.34,NA,103.875,0.28660327319562,-1.24965634287303
"TN05","TN05_812999",1,"screening","TN05_812999_1",-14,0.71,241,172.5,0.475947673898864,-0.742447359577228
"TN05","TN05_812999",11,"12 weeks","TN05_812999_11",101,0.57,NA,163.65,0.45152948889014,-0.795114595101453
"TN05","TN05_812999",16,"26 weeks","TN05_812999_16",185,1.07,NA,170.325,0.469946594532313,-0.755136219388911
"TN05","TN05_812999",18,"52 weeks","TN05_812999_18",353,0.27,136,163.8,0.45194335643266,-0.794198424629673
"TN05","TN05_812999",27,"78 weeks","TN05_812999_27",550,0.32,NA,58.2,0.160580606498052,-1.82895924131125
"TN05","TN05_812999",29,"104 weeks","TN05_812999_29",746,0.59,300,98.25,0.271083240351092,-1.30532934529927
"TN05","TN05_828166",1,"screening","TN05_828166_1",-14,0.93,143,167.475,0.462083111224419,-0.772010509654311
"TN05","TN05_828166",11,"12 weeks","TN05_828166_11",90,0.89,NA,145.65,0.40186538378765,-0.911638112643199
"TN05","TN05_828166",16,"26 weeks","TN05_828166_16",188,0.88,NA,137.4,0.379102668949008,-0.969948216260393
"TN05","TN05_828166",18,"52 weeks","TN05_828166_18",356,0.25,120,66.675,0.183964122650474,-1.69301452598056
"TN05","TN05_828166",27,"78 weeks","TN05_828166_27",552,0.53,NA,83.775,0.23114502249784,-1.46470996242527
"TN05","TN05_828166",29,"104 weeks","TN05_828166_29",727,0.31,266,66.3,0.182929453794172,-1.69865469885683
"TN05","TN05_828166",30,"30 months","TN05_828166_30",910,0.35,NA,58.875,0.162443010439395,-1.81742804371206
"TN05","TN05_829939",1,"screening","TN05_829939_1",-27,1.07,97,233.925,0.645426432561112,-0.437844044886666
"TN05","TN05_829939",11,"12 weeks","TN05_829939_11",92,1.57,NA,238.125,0.657014723751693,-0.420048850167677
"TN05","TN05_829939",16,"26 weeks","TN05_829939_16",178,1.2,NA,235.875,0.650806710613881,-0.429542592359928
"TN05","TN05_829939",18,"52 weeks","TN05_829939_18",357,0.76,142,141.225,0.389656291283287,-0.942490232837316
"TN05","TN05_829939",27,"78 weeks","TN05_829939_27",553,0.82,NA,120.975,0.333784173042986,-1.09726068336926
"TN05","TN05_829939",29,"104 weeks","TN05_829939_29",735,0.7,313,108,0.297984630614941,-1.21071336892442
"TN05","TN05_852622",1,"screening","TN05_852622_1",-18,1.18,114,217.05,0.598866334027527,-0.51271685430304
"TN05","TN05_852622",11,"12 weeks","TN05_852622_11",86,1.01,NA,213.375,0.588726579235769,-0.529793414934038
"TN05","TN05_852622",16,"26 weeks","TN05_852622_16",203,0.7,NA,144.225,0.397933642133702,-0.921470015905689
"TN05","TN05_852622",18,"52 weeks","TN05_852622_18",399,0.5,9,129.675,0.35778849050919,-1.02781327581118
"TN05","TN05_852622",27,"78 weeks","TN05_852622_27",610,0.38,NA,64.5,0.177963043283923,-1.72617937224692
"TN05","TN05_852622",29,"104 weeks","TN05_852622_29",743,0.4,194,87.975,0.242733313688421,-1.41579191284099
"TN05","TN05_856828",1,"screening","TN05_856828_1",-24,2.05,223,330.825,0.912784865029517,-0.0912550613895291
"TN05","TN05_856828",11,"12 weeks","TN05_856828_11",84,2.43,NA,340.05,0.938237718894543,-0.0637519304269947
"TN05","TN05_856828",16,"26 weeks","TN05_856828_16",188,1.65,NA,204,0.562859857828222,-0.574724602204426
"TN05","TN05_856828",18,"52 weeks","TN05_856828_18",368,0.99,283,182.25,0.502849064162713,-0.687465225159875
"TN05","TN05_856828",27,"78 weeks","TN05_856828_27",543,0.76,NA,115.35,0.318264140198458,-1.14487361142888
"TN05","TN05_856828",29,"104 weeks","TN05_856828_29",741,0.99,278,120.675,0.332956437957944,-1.09974361450209
"TN05","TN05_856828",30,"30 months","TN05_856828_30",916,0.38,NA,74.1,0.204450566005251,-1.5874290637466
"TN05","TN05_873185",1,"screening","TN05_873185_1",-28,0.4,66,190.575,0.525818712772614,-0.642798778174305
"TN05","TN05_873185",11,"12 weeks","TN05_873185_11",89,0.21,NA,81.375,0.224523141817508,-1.49377649551991
"TN05","TN05_873185",16,"26 weeks","TN05_873185_16",175,1.23,NA,NA,NA,NA
"TN05","TN05_873185",18,"52 weeks","TN05_873185_18",363,1.2,85,158.7,0.437871859986955,-0.825828968516279
"TN05","TN05_873185",27,"78 weeks","TN05_873185_27",558,0.3,NA,71.775,0.198035619096179,-1.61930837004151
"TN05","TN05_873185",29,"104 weeks","TN05_873185_29",742,0.53,139,102.375,0.282464597770413,-1.26420205387541
"TN05","TN05_9001008",99,"prn","TN05_9001008_99",-51,0.29,74,196.65,0.542580348244705,-0.611419097170824
"TN05","TN05_9001008",1,"screening","TN05_9001008_1",-21,0.69,116,232.5,0.641494690907164,-0.443954371021231
"TN05","TN05_9001008",11,"12 weeks","TN05_9001008_11",92,1.87,NA,317.7,0.876571455058951,-0.131737054773172
"TN05","TN05_9001008",16,"26 weeks","TN05_9001008_16",175,1.1,NA,276.45,0.762757880865745,-0.2708146232647
"TN05","TN05_9001008",18,"52 weeks","TN05_9001008_18",399,0.34,147,172.275,0.475326872585083,-0.743752558805371
"TN05","TN05_9002081",1,"screening","TN05_9002081_1",-12,1.69,84,338.1,0.932857440841773,-0.0695028863348019
"TN05","TN05_9002081",11,"12 weeks","TN05_9002081_11",86,0.96,NA,236.025,0.651220578156402,-0.428906864430062
"TN05","TN05_9002081",16,"26 weeks","TN05_9002081_16",189,1.22,NA,261.825,0.722405795469972,-0.325168254389433
"TN05","TN05_9002081",18,"52 weeks","TN05_9002081_18",365,0.77,252,168.6,0.465187117793324,-0.765315550480887
"TN05","TN05_9002081",27,"78 weeks","TN05_9002081_27",553,0.52,NA,138.6,0.382413609289174,-0.961252509292839
"TN05","TN05_9002081",29,"104 weeks","TN05_9002081_29",738,0.14,252,74.025,0.204243632233991,-1.58844172206099
"TN05","TN05_9002081",30,"30 months","TN05_9002081_30",938,0.18,NA,53.7,0.148164580222429,-1.90943159453382
"TN05","TN05_9002187",11,"12 weeks","TN05_9002187_11",85,2.15,NA,NA,NA,NA
"TN05","TN05_9002505",1,"screening","TN05_9002505_1",-15,0.74,69,206.175,0.568860937194773,-0.564119273329223
"TN05","TN05_9002505",11,"12 weeks","TN05_9002505_11",86,1.6,NA,265.5,0.73254555026173,-0.311229755366649
"TN05","TN05_9002505",16,"26 weeks","TN05_9002505_16",177,0.81,NA,154.2,0.425455833711332,-0.854594134919413
"TN05","TN05_9002505",18,"52 weeks","TN05_9002505_18",366,0.87,80,195.6,0.53968327544706,-0.616772838447925
"TN05","TN05_9005475",1,"screening","TN05_9005475_1",-21,0.65,122,148.725,0.410349668409325,-0.890745632974673
"TN05","TN05_9005475",11,"12 weeks","TN05_9005475_11",84,0.8,NA,170.025,0.469118859447272,-0.75689911098694
"TN05","TN05_9005475",16,"26 weeks","TN05_9005475_16",174,0.83,NA,144.675,0.399175244761265,-0.91835474858874
"TN05","TN05_9005475",18,"52 weeks","TN05_9005475_18",364,0.43,121,99,0.273152578063696,-1.29772474591405
"TN05","TN05_9005475",27,"78 weeks","TN05_9005475_27",532,0.61,NA,112.875,0.311435325746865,-1.16656358431149
"TN05","TN05_9005475",29,"104 weeks","TN05_9005475_29",716,0.56,208,103.575,0.285775538110579,-1.25254860808518
"TN05","TN05_9005475",30,"30 months","TN05_9005475_30",916,0.36,NA,72.825,0.200932691893825,-1.60478529320314
"TN05","TN05_9005487",1,"screening","TN05_9005487_1",-21,2.09,109,494.25,1.36369355260588,0.310196866002084
"TN05","TN05_9005487",11,"12 weeks","TN05_9005487_11",89,0.92,NA,NA,NA,NA
"TN05","TN05_9005487",16,"26 weeks","TN05_9005487_16",209,1.19,NA,315.3,0.869949574378619,-0.139320029497627
"TN05","TN05_9005487",18,"52 weeks","TN05_9005487_18",376,1.14,148,286.8,0.791314741299676,-0.234059487323177
"TN05","TN05_9005487",27,"78 weeks","TN05_9005487_27",553,1.01,NA,135,0.372480788268676,-0.987569817610213
"TN05","TN05_9005487",29,"104 weeks","TN05_9005487_29",735,0.97,225,147.3,0.406417926755378,-0.900373272580058
"TN05","TN05_9005487",30,"30 months","TN05_9005487_30",931,0.57,NA,81.975,0.226178611987591,-1.48643027331793
"TN05","TN05_9006024",1,"screening","TN05_9006024_1",-9,2.19,115,373.425,1.03032324710541,0.0298725851477139
"TN05","TN05_9006024",11,"12 weeks","TN05_9006024_11",84,1.61,NA,350.85,0.968036181956037,-0.0324858143503445
"TN05","TN05_9006024",16,"26 weeks","TN05_9006024_16",168,1.79,NA,392.175,1.0820566899205,0.0788635726936616
"TN05","TN05_9006024",18,"52 weeks","TN05_9006024_18",363,1.99,184,371.475,1.02494296905264,0.0246369710937688
"TN05","TN05_9006024",27,"78 weeks","TN05_9006024_27",538,1.54,NA,339.75,0.937409983809502,-0.0646345430173892
"TN05","TN05_9006024",29,"104 weeks","TN05_9006024_29",727,1.33,116,315.825,0.871398110777442,-0.137656333332541
"TN05","TN05_9006024",30,"30 months","TN05_9006024_30",923,1.45,NA,278.325,0.767931225147254,-0.264055100433871
"TN05","TN05_9007745",1,"screening","TN05_9007745_1",-19,1.45,94,336.975,0.929753434272868,-0.072835852424309
"TN05","TN05_9007745",11,"12 weeks","TN05_9007745_11",86,1.38,NA,285.45,0.78758993341699,-0.238777713638374
"TN05","TN05_9007745",16,"26 weeks","TN05_9007745_16",194,1.6,NA,370.65,1.02266669756878,0.0224136250540864
"TN05","TN05_9007745",18,"52 weeks","TN05_9007745_18",372,1.01,NA,262.725,0.724889000725096,-0.321736738296982
"TN05","TN05_9007745",27,"78 weeks","TN05_9007745_27",555,2.48,NA,460.275,1.26995255422493,0.238979540894628
"TN05","TN05_9007745",29,"104 weeks","TN05_9007745_29",736,0.98,78,298.2,0.822768674531254,-0.195080193718004
"TN05","TN05_9007745",30,"30 months","TN05_9007745_30",919,1.22,NA,334.2,0.922096884736234,-0.081104979887349
"TN05","TN05_9009405",1,"screening","TN05_9009405_1",-28,0.72,92,279.225,0.770414430402379,-0.260826687621752
"TN05","TN05_9009405",11,"12 weeks","TN05_9009405_11",90,1.4,NA,285.075,0.786555264560688,-0.24009229250522
"TN05","TN05_9009405",16,"26 weeks","TN05_9009405_16",175,0.79,NA,224.625,0.619766644924825,-0.478412250944919
"TN05","TN05_9009405",18,"52 weeks","TN05_9009405_18",378,0.63,193,179.475,0.495192514626079,-0.702808673586096
"TN05","TN05_9009405",27,"78 weeks","TN05_9009405_27",539,0.86,NA,171.9,0.474292203728781,-0.745931683659839
"TN05","TN05_9009405",29,"104 weeks","TN05_9009405_29",735,0.54,208,160.05,0.441596667869642,-0.81735832963277
"TN05","TN05_9009770",1,"screening","TN05_9009770_1",-27,0.54,182,191.925,0.529543520655301,-0.63573992533468
"TN05","TN05_9009770",11,"12 weeks","TN05_9009770_11",78,0.39,NA,191.475,0.528301918027739,-0.638087344252985
"TN05","TN05_9009770",16,"26 weeks","TN05_9009770_16",174,1.23,NA,262.875,0.725302868267617,-0.321165962025778
"TN05","TN05_9009770",18,"52 weeks","TN05_9009770_18",358,0.3,162,90.525,0.249769061911273,-1.38721854039694
"TN05","TN05_9009770",27,"78 weeks","TN05_9009770_27",540,0.14,NA,50.625,0.139680295600754,-1.96839907062194
"TN05","TN05_9009770",29,"104 weeks","TN05_9009770_29",721,0.14,298,25.95,0.07159908485609,-2.63667298643674
"TN05","TN05_9009770",30,"30 months","TN05_9009770_30",911,0.09,NA,14.325,0.0395243503107318,-3.23083833344784
"TN05","TN05_9010167",1,"screening","TN05_9010167_1",-16,2.06,71,664.125,1.83239854451063,0.605625788722465
"TN05","TN05_9010167",11,"12 weeks","TN05_9010167_11",91,3,NA,788.25,2.17487393594655,0.776970702376528
"TN05","TN05_9010167",16,"26 weeks","TN05_9010167_16",175,2.54,NA,807.225,2.22722818007542,0.800757843769829
"TN05","TN05_9010167",18,"52 weeks","TN05_9010167_18",356,2.01,70,563.25,1.55407262216542,0.440878983263711
"TN05","TN05_9010167",27,"78 weeks","TN05_9010167_27",552,2.56,NA,659.1,1.81853398183618,0.598030672010032
"TN05","TN05_9010167",29,"104 weeks","TN05_9010167_29",712,2.77,88,510.9,1.40963284982568,0.34332928028811
"TN05","TN05_9010351",1,"screening","TN05_9010351_1",-20,0.96,151,196.725,0.542787282015965,-0.611037781627595
"TN05","TN05_9010351",11,"12 weeks","TN05_9010351_11",82,0.44,NA,158.325,0.436837191130653,-0.828194713646148
"TN05","TN05_9010351",16,"26 weeks","TN05_9010351_16",188,0.19,NA,160.95,0.444079873124766,-0.811750838303825
"TN05","TN05_9010351",18,"52 weeks","TN05_9010351_18",365,0.69,194,161.4,0.445321475752328,-0.808958840212794
"TN05","TN05_9010351",27,"78 weeks","TN05_9010351_27",558,0.34,NA,178.425,0.492295441828434,-0.708676251191511
"TN05","TN05_9010351",29,"104 weeks","TN05_9010351_29",733,0.74,149,232.575,0.641701624678425,-0.44363184239402
"TN05","TN05_9010351",30,"30 months","TN05_9010351_30",918,0.14,NA,116.475,0.321368146767363,-1.13516793834578
"TN05","TN05_9013342",1,"screening","TN05_9013342_1",-71,1.7,128,388.875,1.07295160398505,0.0704133591691588
"TN05","TN05_9013342",11,"12 weeks","TN05_9013342_11",91,3.21,NA,657.525,1.81418837263971,0.595638190094117
"TN05","TN05_9013342",16,"26 weeks","TN05_9013342_16",188,3.47,NA,539.25,1.4878538153621,0.397334689220623
"TN05","TN05_9013342",18,"52 weeks","TN05_9013342_18",363,3.09,213,446.4,1.23166980654176,0.208370815018459
"TN05","TN05_9013342",27,"78 weeks","TN05_9013342_27",532,2.18,NA,363.825,1.00383572438408,0.00382838675074768
"TN05","TN05_9013342",29,"104 weeks","TN05_9013342_29",728,2.92,223,425.4,1.17372835058885,0.160185306717495
"TN05","TN05_9013342",30,"30 months","TN05_9013342_30",887,2.69,NA,362.1,0.999076247645094,-0.000924179277046895
"TN05","TN05_9014572",99,"prn","TN05_9014572_99",-64,1.69,98,597,1.64719281923259,0.49907251734396
"TN05","TN05_9014572",1,"screening","TN05_9014572_1",-26,1.7,94,508.5,1.40301096914535,0.338620619439972
"TN05","TN05_9014572",11,"12 weeks","TN05_9014572_11",86,0.85,NA,318.225,0.878019991457774,-0.130085916292144
"TN05","TN05_9014572",16,"26 weeks","TN05_9014572_16",201,1.99,NA,713.85,1.96959563485626,0.677828260186587
"TN05","TN05_9014572",18,"52 weeks","TN05_9014572_18",368,1.5,79,485.475,1.33948230136841,0.292283197051041
"TN05","TN05_9014572",27,"78 weeks","TN05_9014572_27",551,NA,NA,422.925,1.16689953613726,0.154350262312713
"TN05","TN05_9014572",29,"104 weeks","TN05_9014572_29",713,1.7,93,543,1.49820050392512,0.404264723885293
"TN05","TN05_9014572",30,"30 months","TN05_9014572_30",916,1.61,NA,634.95,1.75190130749034,0.5607016595864
"TN05","TN05_9018544",99,"prn","TN05_9018544_99",-92,0.2,185,52.8,0.145681374967304,-1.92633340533643
"TN05","TN05_9018544",1,"screening","TN05_9018544_1",-9,0.35,287,50.85,0.140301096914535,-1.96396447355407
"TN05","TN05_9018544",11,"12 weeks","TN05_9018544_11",83,0.41,NA,64.5,0.177963043283923,-1.72617937224692
"TN05","TN05_9018544",16,"26 weeks","TN05_9018544_16",169,0.025,NA,35.2875,0.0973623393780067,-2.32931580246903
"TN05","TN05_9018544",18,"52 weeks","TN05_9018544_18",377,0.025,263,20.625,0.0569067870966033,-2.8663406638279
"TN05","TN05_9018544",27,"78 weeks","TN05_9018544_27",546,0.11,NA,24.525,0.0676673432021428,-2.69315159059722
"TN05","TN05_9018544",29,"104 weeks","TN05_9018544_29",719,0.025,275,11.2125,0.0309365988034262,-3.47581536866373
"TN05","TN05_9018544",30,"30 months","TN05_9018544_30",901,0.025,NA,9.5625,0.0263840558356979,-3.63499539689599
"TN05","TN05_9023796",1,"screening","TN05_9023796_1",-40,0.3,153,151.5,0.418006217945959,-0.872258971099218
"TN05","TN05_9023796",11,"12 weeks","TN05_9023796_11",105,0.5,NA,149.25,0.411798204808148,-0.887221843775931
"TN05","TN05_9023796",16,"26 weeks","TN05_9023796_16",177,0.26,NA,118.725,0.327576159905175,-1.11603470161346
"TN05","TN05_9023796",18,"52 weeks","TN05_9023796_18",378,0.22,73,115.275,0.318057206427197,-1.14552401795587
"TN05","TN05_9023796",27,"78 weeks","TN05_9023796_27",546,0.6,NA,109.2,0.301295570955107,-1.19966353273784
"TN05","TN05_9023796",29,"104 weeks","TN05_9023796_29",742,0.3,210,63.825,0.17610063934258,-1.73669963292109
"TN05","TN05_9023796",30,"30 months","TN05_9023796_30",932,0.35,NA,59.625,0.164512348151999,-1.80476964684014
"TN05","TN05_9025607",1,"screening","TN05_9025607_1",-35,2.94,77,679.05,1.87357836499144,0.627850166501435
"TN05","TN05_9025607",11,"12 weeks","TN05_9025607_11",84,2.97,NA,881.1,2.43105794476689,0.888326530824042
"TN05","TN05_9025607",16,"26 weeks","TN05_9025607_16",192,2.85,NA,763.725,2.1072065927444,0.745363180677196
"TN05","TN05_9025607",18,"52 weeks","TN05_9025607_18",365,2.79,76,648.075,1.78811471746091,0.58116183434693
"TN05","TN05_9025607",27,"78 weeks","TN05_9025607_27",567,3.2,NA,592.95,1.63601839558453,0.492265482362162
"TN05","TN05_9025607",29,"104 weeks","TN05_9025607_29",736,2.49,233,410.4,1.13234159633678,0.124287697807918
"TN05","TN05_9025834",1,"screening","TN05_9025834_1",-28,1.78,122,363.975,1.0042495919266,0.00424058791074729
"TN05","TN05_9025834",11,"12 weeks","TN05_9025834_11",85,1.26,NA,441,1.21677057501101,0.196200279398204
"TN05","TN05_9025834",16,"26 weeks","TN05_9025834_16",189,1.7,NA,385.575,1.06384651804959,0.0618911305610358
"TN05","TN05_9025834",18,"52 weeks","TN05_9025834_18",364,0.64,63,294.9,0.813663588595797,-0.206208280227412
"TN05","TN05_9025834",27,"78 weeks","TN05_9025834_27",560,NA,NA,274.425,0.757170669041714,-0.278166596475262
"TN05","TN05_9025834",29,"104 weeks","TN05_9025834_29",729,0.75,147,204.225,0.563480659142003,-0.573622268820709
"TN05","TN05_9025834",30,"30 months","TN05_9025834_30",910,0.55,NA,114.6,0.316194802485854,-1.151396791768
"TN05","TN05_9026667",1,"screening","TN05_9026667_1",-17,1.51,74,295.125,0.814284389909578,-0.205445600642965
"TN05","TN05_9026667",11,"12 weeks","TN05_9026667_11",83,1.76,NA,311.4,0.85918901827308,-0.151766336648744
"TN05","TN05_9026667",16,"26 weeks","TN05_9026667_16",194,1.35,NA,209.7,0.57858682444401,-0.547166658140768
"TN05","TN05_9026667",18,"52 weeks","TN05_9026667_18",363,1.08,151,168.525,0.464980184022064,-0.76576048930914
"TN05","TN05_9026667",27,"78 weeks","TN05_9026667_27",558,0.56,NA,113.025,0.311849193289386,-1.16523556286797
"TN05","TN05_9026667",30,"30 months","TN05_9026667_30",924,0.16,NA,43.35,0.119607719788497,-2.12353789282209
"TN05","TN05_9029014",1,"screening","TN05_9029014_1",-15,1.23,135,271.05,0.747858649334998,-0.290541290342295
"TN05","TN05_9029014",11,"12 weeks","TN05_9029014_11",83,1.3,NA,316.275,0.872639713405004,-0.136232507747909
"TN05","TN05_9029014",16,"26 weeks","TN05_9029014_16",181,1.54,NA,319.875,0.882572534425502,-0.124914301568689
"TN05","TN05_9029014",18,"52 weeks","TN05_9029014_18",370,1.91,116,360,0.993282102049803,-0.00674056459848666
"TN05","TN05_9029014",27,"78 weeks","TN05_9029014_27",552,1.29,NA,239.85,0.661774200490681,-0.412830868100569
"TN05","TN05_9029014",29,"104 weeks","TN05_9029014_29",772,0.63,110,125.325,0.345786331776088,-1.06193423289908
"TN05","TN05_9029014",30,"30 months","TN05_9029014_30",919,0.4,NA,94.65,0.261150419330594,-1.34265871839331
"TN05","TN05_9030260",1,"screening","TN05_9030260_1",-37,1.83,70,NA,NA,NA
"TN05","TN05_9030260",11,"12 weeks","TN05_9030260_11",82,1.33,NA,517.5,1.42784302169659,0.356164929090882
"TN05","TN05_9030260",16,"26 weeks","TN05_9030260_16",166,1.14,NA,512.1,1.41294379016585,0.345675322419862
"TN05","TN05_9030260",18,"52 weeks","TN05_9030260_18",362,1.52,74,519.675,1.43384410106314,0.360359020132913
"TN05","TN05_9030260",27,"78 weeks","TN05_9030260_27",530,1.98,NA,644.55,1.77838883021167,0.575707802840471
"TN05","TN05_9030260",29,"104 weeks","TN05_9030260_29",733,2.72,83,713.4,1.96835403222869,0.677197676876149
"TN05","TN05_9030260",30,"30 months","TN05_9030260_30",901,2.64,NA,698.325,1.92676034420536,0.655840014394061
"TN05","TN05_9031738",1,"screening","TN05_9031738_1",-21,2.65,185,340.5,0.939479321522105,-0.0624294704590752
"TN05","TN05_9031738",11,"12 weeks","TN05_9031738_11",86,2.17,NA,316.05,0.872018912091223,-0.136944167130335
"TN05","TN05_9031738",16,"26 weeks","TN05_9031738_16",181,0.69,NA,116.625,0.321782014309884,-1.13388093688113
"TN05","TN05_9031738",18,"52 weeks","TN05_9031738_18",361,0.67,130,99.525,0.274601114462518,-1.29243572716226
"TN05","TN05_9031738",27,"78 weeks","TN05_9031738_27",595,0.27,NA,71.4,0.197000950239878,-1.6245467267031
"TN05","TN05_9031738",29,"104 weeks","TN05_9031738_29",753,0.36,162,NA,NA,NA
"TN05","TN05_9031738",30,"30 months","TN05_9031738_30",937,0.41,NA,61.275,0.169064891119727,-1.77747266663447
"TN05","TN05_9032923",1,"screening","TN05_9032923_1",-27,0.74,94,253.95,0.700677749487632,-0.355707198801388
"TN05","TN05_9032923",11,"12 weeks","TN05_9032923_11",86,1.5,NA,264.75,0.730476212549126,-0.314058611567126
"TN05","TN05_9032923",16,"26 weeks","TN05_9032923_16",197,0.81,NA,172.875,0.476982342755166,-0.74027580606372
"TN05","TN05_9032923",18,"52 weeks","TN05_9032923_18",365,0.4,242,NA,NA,NA
"TN05","TN05_9032923",27,"78 weeks","TN05_9032923_27",539,0.28,NA,51.45,0.141956567084618,-1.95223413376858
"TN05","TN05_9032923",30,"30 months","TN05_9032923_30",959,0.025,NA,3,0.00827735085041503,-4.79423230738053
"TN05","TN05_9033687",1,"screening","TN05_9033687_1",-28,2.18,85,506.4,1.39721682355006,0.334482274781324
"TN05","TN05_9033687",11,"12 weeks","TN05_9033687_11",82,2.7,NA,627.3,1.73079406282178,0.548580299054055
"TN05","TN05_9033687",16,"26 weeks","TN05_9033687_16",173,2.04,NA,498.6,1.37569571133898,0.318959575040815
"TN05","TN05_9033687",18,"52 weeks","TN05_9033687_18",363,1.58,86,459.825,1.26871095159736,0.238001386268219
"TN05","TN05_9033687",27,"78 weeks","TN05_9033687_27",544,1.65,NA,363.075,1.00176638667148,0.0017648284452255
"TN05","TN05_9033687",29,"104 weeks","TN05_9033687_29",726,0.98,259,204.375,0.563894526684524,-0.572888054397124
"TN05","TN05_9033687",30,"30 months","TN05_9033687_30",922,0.61,NA,227.775,0.628457863317761,-0.46448629644872
"TN05","TN05_9034545",1,"screening","TN05_9034545_1",-13,1.1,75,317.25,0.875329852431389,-0.133154489454145
"TN05","TN05_9034545",11,"12 weeks","TN05_9034545_11",86,1.48,NA,327.075,0.902438176466498,-0.102655093651703
"TN05","TN05_9034545",16,"26 weeks","TN05_9034545_16",175,2.32,NA,408.375,1.12675438451275,0.119341273872592
"TN05","TN05_9034545",18,"52 weeks","TN05_9034545_18",363,1.79,114,313.875,0.866017832724672,-0.143849778570893
"TN05","TN05_9034545",27,"78 weeks","TN05_9034545_27",554,0.79,NA,274.125,0.756342933956673,-0.27926038931059
"TN05","TN05_9034545",29,"104 weeks","TN05_9034545_29",727,1.31,159,297.225,0.820078535504869,-0.198355168304034
"TN05","TN05_9034545",30,"30 months","TN05_9034545_30",968,1.65,NA,306.375,0.845324455598635,-0.168034754200366
"TN05","TN05_9038695",1,"screening","TN05_9038695_1",-35,0.52,55,238.2,0.657221657522953,-0.419733939127443
"TN05","TN05_9038695",11,"12 weeks","TN05_9038695_11",82,2,NA,348.9,0.962655903903267,-0.0380592478559139
"TN05","TN05_9038695",16,"26 weeks","TN05_9038695_16",175,2.35,NA,280.8,0.774760039598846,-0.255201923896986
"TN05","TN05_9038695",18,"52 weeks","TN05_9038695_18",365,1.02,245,159.225,0.439320396385777,-0.822526299791213
"TN05","TN05_9038695",27,"78 weeks","TN05_9038695_27",551,0.73,NA,154.725,0.426904370110155,-0.851195248423217
"TN05","TN05_9038695",29,"104 weeks","TN05_9038695_29",735,1.29,82,131.7,0.36337570233322,-1.01231798729941
"TN05","TN05_9038695",30,"30 months","TN05_9038695_30",908,0.22,NA,59.025,0.162856877981916,-1.81488351307707
"TN05","TN05_9040692",1,"screening","TN05_9040692_1",-45,0.64,199,185.775,0.51257495141195,-0.668308332005109
"TN05","TN05_9040692",11,"12 weeks","TN05_9040692_11",89,0.75,NA,207.45,0.572378811306199,-0.557954249269765
"TN05","TN05_9040692",16,"26 weeks","TN05_9040692_16",180,1.3,NA,175.05,0.482983422121717,-0.727772948647968
"TN05","TN05_9040692",18,"52 weeks","TN05_9040692_18",355,0.25,147,164.325,0.453391892831483,-0.790998421899002
"TN05","TN05_9040692",27,"78 weeks","TN05_9040692_27",531,0.49,NA,205.5,0.566998533253429,-0.567398562112353
"TN05","TN05_9040692",29,"104 weeks","TN05_9040692_29",753,0.3,162,116.925,0.322609749394926,-1.13131189243669
"TN05","TN05_9043255",1,"screening","TN05_9043255_1",-20,1.79,69,591.975,1.63332825655814,0.490619808213933
"TN05","TN05_9043255",11,"12 weeks","TN05_9043255_11",83,1.58,NA,478.275,1.31961665932742,0.277341284820803
"TN05","TN05_9043255",16,"26 weeks","TN05_9043255_16",172,1.95,NA,455.475,1.25670879286426,0.228496234403106
"TN05","TN05_9043255",18,"52 weeks","TN05_9043255_18",369,1.6,80,460.95,1.27181495816627,0.240444981195961
"TN05","TN05_9043255",27,"78 weeks","TN05_9043255_27",567,2.24,NA,491.925,1.3572786056968,0.305481669799267
"TN05","TN05_9043255",29,"104 weeks","TN05_9043255_29",719,2.53,83,527.7,1.455986014588,0.37568334436298
"TN05","TN05_9043255",30,"30 months","TN05_9043255_30",908,2.26,NA,482.25,1.33058414920422,0.285618055737196
"TN05","TN05_9044850",1,"screening","TN05_9044850_1",-29,1.11,164,144.9,0.399796046075046,-0.916800746722006
"TN05","TN05_9044850",11,"12 weeks","TN05_9044850_11",83,0.17,NA,35.7,0.0985004751199388,-2.31769390726305
"TN05","TN05_9044850",16,"26 weeks","TN05_9044850_16",174,0.16,NA,18.75,0.0517334428150939,-2.96165084363222
"TN05","TN05_9044850",18,"52 weeks","TN05_9044850_18",373,0.025,257,6.075,0.0167616354720904,-4.08866260682203
"TN05","TN05_9044850",27,"78 weeks","TN05_9044850_27",545,0.025,NA,3,0.00827735085041503,-4.79423230738053
"TN05","TN05_9044850",29,"104 weeks","TN05_9044850_29",714,0.025,299,3,0.00827735085041503,-4.79423230738053
"TN05","TN05_9044850",30,"30 months","TN05_9044850_30",923,0.025,NA,3.2625,0.00900161904982634,-4.71035082339983
"TN05","TN05_9045381",1,"screening","TN05_9045381_1",-28,1.22,75,412.425,1.13792880816081,0.129209775013346
"TN05","TN05_9045381",11,"12 weeks","TN05_9045381_11",90,0.97,NA,395.925,1.09240337848352,0.0883802033291473
"TN05","TN05_9045381",16,"26 weeks","TN05_9045381_16",191,1.11,NA,392.325,1.08247055746302,0.0792459818761421
"TN05","TN05_9045381",18,"52 weeks","TN05_9045381_18",365,1.18,96,422.7,1.16627873482348,0.153818111524102
"TN05","TN05_9045381",27,"78 weeks","TN05_9045381_27",538,0.47,NA,242.85,0.670051551341096,-0.400400627256889
"TN05","TN05_9045381",29,"104 weeks","TN05_9045381_29",729,0.87,70,315.375,0.87015650814988,-0.139082189087421
"TN05","TN05_9045381",30,"30 months","TN05_9045381_30",930,0.91,NA,252.6,0.696952941604945,-0.361037386132252
"TN05","TN05_9045771",1,"screening","TN05_9045771_1",-21,0.51,111,210.825,0.581690831012916,-0.541816190587937
"TN05","TN05_9045771",11,"12 weeks","TN05_9045771_11",99,0.65,NA,181.35,0.500365858907588,-0.692415730319731
"TN05","TN05_9045771",27,"78 weeks","TN05_9045771_27",566,1.56,NA,323.85,0.893540024302302,-0.112564150419716
"TN05","TN05_9045771",29,"104 weeks","TN05_9045771_29",749,0.89,231,145.35,0.401037648702608,-0.913699969043757
"TN05","TN05_9045771",30,"30 months","TN05_9045771_30",922,0.52,NA,124.8,0.344337795377265,-1.06613214011332
"TN05","TN05_9046664",1,"screening","TN05_9046664_1",-14,0.76,175,231.675,0.6392184194233,-0.447509068575887
"TN05","TN05_9046664",11,"12 weeks","TN05_9046664_11",84,1.01,NA,217.65,0.60052180419761,-0.509956328050336
"TN05","TN05_9046664",16,"26 weeks","TN05_9046664_16",189,0.63,NA,162.525,0.448425482321234,-0.80201275995811
"TN05","TN05_9046664",18,"52 weeks","TN05_9046664_18",363,0.79,194,194.325,0.536165401335633,-0.623312580932359
"TN05","TN05_9046664",27,"78 weeks","TN05_9046664_27",546,0.72,NA,119.625,0.330059365160299,-1.10848274627552
"TN05","TN05_9046664",29,"104 weeks","TN05_9046664_29",741,0.22,263,96.45,0.266116829840843,-1.3238198566969
"TN05","TN05_9046664",30,"30 months","TN05_9046664_30",902,0.12,NA,48.15,0.132851481149161,-2.01852345780451
"TN05","TN05_9050288",1,"screening","TN05_9050288_1",-22,0.45,148,141,0.389035489969506,-0.944084705670474
"TN05","TN05_9050288",11,"12 weeks","TN05_9050288_11",84,0.73,NA,166.2,0.458565237112992,-0.779652713627294
"TN05","TN05_9050288",16,"26 weeks","TN05_9050288_16",181,0.55,NA,165.45,0.456495899400389,-0.784175561681021
"TN05","TN05_9050288",18,"52 weeks","TN05_9050288_18",364,0.67,239,160.425,0.442631336725944,-0.815018052412063
"TN05","TN05_9050288",27,"78 weeks","TN05_9050288_27",544,0.45,NA,146.325,0.403727787728993,-0.907014420871358
"TN05","TN05_9050288",29,"104 weeks","TN05_9050288_29",735,0.25,222,146.625,0.404555522814034,-0.904966289075003
"TN05","TN05_9050288",30,"30 months","TN05_9050288_30",912,0.09,NA,70.125,0.193483076128451,-1.64256523220578
"TN05","TN05_9050634",1,"screening","TN05_9050634_1",-35,0.54,79,174.375,0.481121018180373,-0.731636443473012
"TN05","TN05_9050634",11,"12 weeks","TN05_9050634_11",84,0.32,NA,169.725,0.46829112436223,-0.758665115860931
"TN05","TN05_9050634",16,"26 weeks","TN05_9050634_16",196,0.51,NA,178.425,0.492295441828434,-0.708676251191511
"TN05","TN05_9050634",18,"52 weeks","TN05_9050634_18",351,0.15,77,145.575,0.401658450016389,-0.912153178325459
"TN05","TN05_9050634",27,"78 weeks","TN05_9050634_27",533,0.75,NA,194.175,0.535751533793113,-0.624084781742931
"TN05","TN05_9050634",29,"104 weeks","TN05_9050634_29",722,0.23,123,136.8,0.377447198778925,-0.974324590860192
"TN05","TN05_9050634",30,"30 months","TN05_9050634_30",925,0.08,NA,84.3,0.232593558896662,-1.45846273104083
"TN05","TN05_9051323",1,"screening","TN05_9051323_1",-28,1.94,153,445.725,1.22980740260041,0.206857573872192
"TN05","TN05_9051323",16,"26 weeks","TN05_9051323_16",183,0.96,NA,271.2,0.748272516877519,-0.289988039982402
"TN05","TN05_9051323",18,"52 weeks","TN05_9051323_18",372,1.26,205,246.6,0.680398239904115,-0.385077005318398
"TN05","TN05_9051323",27,"78 weeks","TN05_9051323_27",540,1.26,NA,243.9,0.672948624138742,-0.396086290826768
"TN05","TN05_9051323",29,"104 weeks","TN05_9051323_29",736,0.85,244,210.825,0.581690831012916,-0.541816190587937
"TN05","TN05_9051323",30,"30 months","TN05_9051323_30",920,0.67,NA,142.35,0.392760297852193,-0.934555782324596
"TN05","TN05_9057251",1,"screening","TN05_9057251_1",-25,2.3,78,667.425,1.84150363044608,0.610582428362393
"TN05","TN05_9057251",11,"12 weeks","TN05_9057251_11",94,2.07,NA,582.3,1.60663380006556,0.474141182794432
"TN05","TN05_9057251",16,"26 weeks","TN05_9057251_16",182,1.41,NA,406.8,1.12240877531628,0.115477068125763
"TN05","TN05_9057251",18,"52 weeks","TN05_9057251_18",368,1.08,139,216.225,0.596590062543663,-0.516525063856067
"TN05","TN05_9057251",27,"78 weeks","TN05_9057251_27",547,0.82,NA,176.25,0.486294362461883,-0.720941154356264
"TN05","TN05_9057251",29,"104 weeks","TN05_9057251_29",727,0.36,238,76.65,0.211486314228104,-1.55359499073082
"TN05","TN05_9057251",30,"30 months","TN05_9057251_30",906,0.08,NA,53.25,0.146922977594867,-1.91784679145911
"TN05","TN05_9061703",1,"screening","TN05_9061703_1",-35,1.28,95,366.225,1.01045760506441,0.0104033025671914
"TN05","TN05_9061703",11,"12 weeks","TN05_9061703_11",85,1.64,NA,554.475,1.52986137092796,0.425177124062631
"TN05","TN05_9061703",16,"26 weeks","TN05_9061703_16",182,1.46,NA,NA,NA,NA
"TN05","TN05_9061703",18,"52 weeks","TN05_9061703_18",364,1.55,77,424.275,1.17062434401994,0.157537233848687
"TN05","TN05_9061703",27,"78 weeks","TN05_9061703_27",547,1.44,NA,354,0.976727400348973,-0.0235476829148678
"TN05","TN05_9061703",29,"104 weeks","TN05_9061703_29",729,1.54,93,339.375,0.9363753149532,-0.0657389053604424
"TN05","TN05_9061703",30,"30 months","TN05_9061703_30",920,1.11,NA,287.175,0.792349410155978,-0.232752810017174
"TN05","TN05_9063516",1,"screening","TN05_9063516_1",-24,0.42,60,149.4,0.412212072350668,-0.886217323349925
"TN05","TN05_9063516",11,"12 weeks","TN05_9063516_11",81,0.025,NA,70.9125,0.195655880726685,-1.63139787339596
"TN05","TN05_9063516",16,"26 weeks","TN05_9063516_16",179,1.06,NA,201.975,0.557272646004192,-0.58470066868287
"TN05","TN05_9063516",18,"52 weeks","TN05_9063516_18",375,0.24,213,96.15,0.265289094755802,-1.32693512401385
"TN05","TN05_9063516",27,"78 weeks","TN05_9063516_27",557,0.22,NA,86.025,0.237353035635651,-1.4382066443651
"TN05","TN05_9063516",29,"104 weeks","TN05_9063516_29",725,0.27,241,67.05,0.184998791506776,-1.68740598632095
"TN05","TN05_9065614",1,"screening","TN05_9065614_1",-30,0.39,100,321.825,0.887952812478272,-0.118836676502944
"TN05","TN05_9065614",11,"12 weeks","TN05_9065614_11",85,1.24,NA,362.325,0.999697048958875,-0.000302996940062302
"TN05","TN05_9065614",16,"26 weeks","TN05_9065614_16",196,0.73,NA,424.425,1.17103821156247,0.157890715648055
"TN05","TN05_9065614",18,"52 weeks","TN05_9065614_18",369,0.87,90,411.225,1.13461786782064,0.12629591390958
"TN05","TN05_9065614",27,"78 weeks","TN05_9065614_27",559,1.16,NA,341.7,0.942790261862272,-0.058911436927396
"TN05","TN05_9065614",29,"104 weeks","TN05_9065614_29",746,0.86,141,292.8,0.807869443000507,-0.213354813961486
"TN05","TN05_9065614",30,"30 months","TN05_9065614_30",929,0.84,NA,240.675,0.664050471974545,-0.409397120384612
"TN05","TN05_9065904",1,"screening","TN05_9065904_1",-28,1.27,241,165.15,0.455668164315347,-0.785990444211844
"TN05","TN05_9065904",11,"12 weeks","TN05_9065904_11",79,0.85,NA,143.775,0.39669203950614,-0.924595018448824
"TN05","TN05_9065904",16,"26 weeks","TN05_9065904_16",171,0.66,NA,113.4,0.312883862145688,-1.16192320475499
"TN05","TN05_9065904",18,"52 weeks","TN05_9065904_18",357,0.33,221,62.025,0.171134228832331,-1.76530706647078
"TN05","TN05_9065904",27,"78 weeks","TN05_9065904_27",560,0.2,NA,37.65,0.103880753172709,-2.26451164180274
"TN05","TN05_9065904",29,"104 weeks","TN05_9065904_29",734,0.31,275,32.25,0.0889815216419615,-2.41932655280686
"TN05","TN05_9066553",1,"screening","TN05_9066553_1",-21,1.05,236,201.525,0.556031043376629,-0.586931152878978
"TN05","TN05_9066553",11,"12 weeks","TN05_9066553_11",86,1.11,NA,397.275,1.09612818636621,0.0917841400500578
"TN05","TN05_9066553",16,"26 weeks","TN05_9066553_16",189,1.35,NA,175.2,0.483397289664238,-0.726916417546351
"TN05","TN05_9066553",18,"52 weeks","TN05_9066553_18",378,0.62,340,90.15,0.248734393054972,-1.39136964639932
"TN05","TN05_9066553",27,"78 weeks","TN05_9066553_27",547,0.66,NA,105.6,0.291362749934609,-1.23318622477648
"TN05","TN05_9066553",29,"104 weeks","TN05_9066553_29",721,0.51,157,83.175,0.229489552327757,-1.4718977741441
"TN05","TN05_9066553",30,"30 months","TN05_9066553_30",903,0.56,NA,91.275,0.251838399623877,-1.37896766850694
"TN05","TN05_9066662",1,"screening","TN05_9066662_1",1,1.94,153,445.725,1.22980740260041,0.206857573872192
"TN05","TN05_9066662",11,"12 weeks","TN05_9066662_11",92,0.77,NA,120.6,0.332749504186684,-1.10036531175556
"TN05","TN05_9066662",16,"26 weeks","TN05_9066662_16",212,0.96,NA,271.2,0.748272516877519,-0.289988039982402
"TN05","TN05_9066662",18,"52 weeks","TN05_9066662_18",401,1.26,205,246.6,0.680398239904115,-0.385077005318398
"TN05","TN05_9066662",27,"78 weeks","TN05_9066662_27",569,1.26,NA,243.9,0.672948624138742,-0.396086290826768
"TN05","TN05_9066662",29,"104 weeks","TN05_9066662_29",765,0.85,244,210.825,0.581690831012916,-0.541816190587937
"TN05","TN05_9066662",30,"30 months","TN05_9066662_30",917,0.11,NA,13.95,0.0384896814544299,-3.25736508778127
"TN05","TN05_9067127",1,"screening","TN05_9067127_1",-21,0.9,102,186.45,0.514437355353294,-0.664681489423813
"TN05","TN05_9067127",11,"12 weeks","TN05_9067127_11",77,1.37,NA,254.475,0.702126285886455,-0.353641996710239
"TN05","TN05_9067127",16,"26 weeks","TN05_9067127_16",175,0.25,NA,85.275,0.235283697923047,-1.44696326774393
"TN05","TN05_9067127",18,"52 weeks","TN05_9067127_18",372,0.91,367,137.25,0.378688801406487,-0.971040515659002
"TN05","TN05_9067127",27,"78 weeks","TN05_9067127_27",560,0.43,NA,71.775,0.19803561909618,-1.61930837004151
"TN05","TN05_9067127",29,"104 weeks","TN05_9067127_29",784,0.07,176,45.3,0.124987997841267,-2.07953756355965
"TN05","TN05_9067127",30,"30 months","TN05_9067127_30",1024,0.22,NA,41.1,0.113399706650686,-2.17683647454645
"TN05","TN05_9072116",1,"screening","TN05_9072116_1",-31,1.59,74,453.075,1.25008691218393,0.223213078644272
"TN05","TN05_9072116",11,"12 weeks","TN05_9072116_11",83,0.97,NA,479.325,1.32251373212506,0.279534268155813
"TN05","TN05_9072116",16,"26 weeks","TN05_9072116_16",173,0.98,NA,426.45,1.1766254233865,0.162650530716476
"TN05","TN05_9072116",18,"52 weeks","TN05_9072116_18",365,1.01,63,663.075,1.82950147171298,0.604043509911336
"TN05","TN05_9072116",27,"78 weeks","TN05_9072116_27",533,1.37,NA,486.225,1.34155163908102,0.293826883680527
"TN05","TN05_9072116",29,"104 weeks","TN05_9072116_29",733,1.31,63,438,1.20849322416059,0.189374314327804
"TN05","TN05_9072116",30,"30 months","TN05_9072116_30",907,1.17,NA,439.725,1.21325270089958,0.193304935469746
"TN05","TN05_9075694",1,"screening","TN05_9075694_1",-28,1.17,128,273.525,0.75468746378659,-0.281451570685789
"TN05","TN05_9075694",11,"12 weeks","TN05_9075694_11",85,1.19,NA,197.85,0.545891288584871,-0.605335428217209
"TN05","TN05_9075694",16,"26 weeks","TN05_9075694_16",168,0.98,NA,162.15,0.447390813464932,-0.804322763295315
"TN05","TN05_9075694",18,"52 weeks","TN05_9075694_18",360,0.19,144,30.525,0.0842220449029729,-2.47429857605187
"TN05","TN05_9075694",27,"78 weeks","TN05_9075694_27",560,0.13,NA,32.7,0.0902231242695238,-2.40546951814543
"TN05","TN05_9075694",29,"104 weeks","TN05_9075694_29",745,0.025,173,9.375,0.025866721407547,-3.65479802419217
"TN05","TN05_9075694",30,"30 months","TN05_9075694_30",924,0.025,NA,NA,NA,NA
"TN05","TN05_9076024",1,"screening","TN05_9076024_1",-31,0.26,184,83.175,0.229489552327757,-1.4718977741441
"TN05","TN05_9076024",11,"12 weeks","TN05_9076024_11",81,0.35,NA,108.15,0.298398498157462,-1.20932544364957
"TN05","TN05_9076024",16,"26 weeks","TN05_9076024_16",165,0.38,NA,113.1,0.312056127060646,-1.16457221292657
"TN05","TN05_9076024",18,"52 weeks","TN05_9076024_18",354,0.12,243,53.625,0.147957646451169,-1.91082921880046
"TN05","TN05_9076024",27,"78 weeks","TN05_9076024_27",544,0.19,NA,35.625,0.0982935413486784,-2.31979695745983
"TN05","TN05_9076024",29,"104 weeks","TN05_9076024_29",718,0.025,226,14.175,0.039110482768211,-3.24136474643483
"TN05","TN05_9076024",30,"30 months","TN05_9076024_30",935,0.025,NA,7.125,0.0196587082697357,-3.92923486989393
"TN05","TN05_9081664",1,"screening","TN05_9081664_1",-21,NA,189,87.525,0.241491711060858,-1.42092012920791
"TN05","TN05_9081664",16,"26 weeks","TN05_9081664_16",189,0.42,NA,94.575,0.260943485559334,-1.34345142552955
"TN05","TN05_9081664",18,"52 weeks","TN05_9081664_18",364,0.3,261,74.25,0.204864433547772,-1.58540681836583
"TN05","TN05_9081664",27,"78 weeks","TN05_9081664_27",546,0.12,NA,45.675,0.126022666697569,-2.07129349378457
"TN05","TN05_9081664",29,"104 weeks","TN05_9081664_29",714,0.13,266,39.825,0.109881832539259,-2.20834974025253
"TN05","TN05_9081856",1,"screening","TN05_9081856_1",-24,0.37,66,258.675,0.713714577077036,-0.337272148557628
"TN05","TN05_9081856",11,"12 weeks","TN05_9081856_11",118,0.47,NA,207,0.571137208678637,-0.560125802783273
"TN05","TN05_9081856",16,"26 weeks","TN05_9081856_16",186,1.83,NA,413.325,1.14041201341593,0.131389612388766
"TN05","TN05_9081856",18,"52 weeks","TN05_9081856_18",369,0.72,87,244.95,0.675845696936387,-0.391790487964058
"TN05","TN05_9081856",27,"78 weeks","TN05_9081856_27",550,1.27,NA,318.075,0.877606123915253,-0.130557392019878
"TN05","TN05_9081856",29,"104 weeks","TN05_9081856_29",735,1.05,185,253.875,0.700470815716372,-0.356002576148093
"TN05","TN05_9081957",1,"screening","TN05_9081957_1",-23,1.21,208,245.25,0.676673432021428,-0.39056649760317
"TN05","TN05_9081957",11,"12 weeks","TN05_9081957_11",84,0.74,NA,163.725,0.4517364226614,-0.794656404944525
"TN05","TN05_9081957",16,"26 weeks","TN05_9081957_16",173,1.04,NA,195.6,0.53968327544706,-0.616772838447925
"TN05","TN05_9081957",18,"52 weeks","TN05_9081957_18",365,0.82,196,165.525,0.456702833171649,-0.783722355237732
"TN05","TN05_9081957",27,"78 weeks","TN05_9081957_27",560,0.23,NA,105.6,0.291362749934609,-1.23318622477648
"TN05","TN05_9081957",29,"104 weeks","TN05_9081957_29",729,0.48,182,190.425,0.525404845230094,-0.64358617978979
"TN05","TN05_9081957",30,"30 months","TN05_9081957_30",953,1.29,NA,159.75,0.4407689327846,-0.819234502790998
"TN05","TN05_9085087",1,"screening","TN05_9085087_1",-29,0.76,NA,192.975,0.532440593452946,-0.630283949212725
"TN05","TN05_9085087",11,"12 weeks","TN05_9085087_11",78,0.91,NA,247.275,0.682260643845458,-0.382343518422738
"TN05","TN05_9085087",16,"26 weeks","TN05_9085087_16",195,1.23,NA,222.825,0.614800234414576,-0.486457886031861
"TN05","TN05_9085087",18,"52 weeks","TN05_9085087_18",378,0.42,184,107.4,0.296329160444858,-1.21628441397388
"TN05","TN05_9085087",27,"78 weeks","TN05_9085087_27",552,0.31,NA,90.225,0.248941326826232,-1.39053804551979
"TN05","TN05_9085087",29,"104 weeks","TN05_9085087_29",728,0.42,155,106.5,0.293845955189733,-1.22469961089916
"TN05","TN05_9085087",30,"30 months","TN05_9085087_30",910,0.44,NA,67.2,0.185412659049297,-1.68517134851954
"TN05","TN05_9085521",1,"screening","TN05_9085521_1",-29,0.35,158,122.625,0.338336716010714,-1.08371367816312
"TN05","TN05_9089953",1,"screening","TN05_9089953_1",-16,0.68,134,202.875,0.559755851259316,-0.580254570213887
"TN05","TN05_9089953",11,"12 weeks","TN05_9089953_11",83,0.85,NA,218.25,0.602177274367693,-0.507203401328931
"TN05","TN05_9089953",16,"26 weeks","TN05_9089953_16",173,0.29,NA,127.125,0.350752742286337,-1.04767374167992
"TN05","TN05_9089953",18,"52 weeks","TN05_9089953_18",364,0.44,175,140.925,0.388828556198246,-0.944616762081004
"TN05","TN05_9089953",29,"104 weeks","TN05_9089953_29",721,0.32,195,63.225,0.174445169172497,-1.74614480349261
"TN05","TN05_9089953",30,"30 months","TN05_9089953_30",900,0.11,NA,45.075,0.124367196527486,-2.08451682695926
"TN05","TN05_9091654",1,"screening","TN05_9091654_1",-16,0.84,72,258.9,0.714335378390817,-0.33640270929115
"TN05","TN05_9091654",11,"12 weeks","TN05_9091654_11",82,1.93,NA,335.925,0.926856361475222,-0.0759566752871689
"TN05","TN05_9091654",16,"26 weeks","TN05_9091654_16",190,1.44,NA,319.5,0.8815378655692,-0.126087322231053
"TN05","TN05_9091654",18,"52 weeks","TN05_9091654_18",358,0.97,141,145.575,0.401658450016389,-0.912153178325459
"TN05","TN05_9091654",27,"78 weeks","TN05_9091654_27",555,0.69,NA,NA,NA,NA
"TN05","TN05_9091654",29,"104 weeks","TN05_9091654_29",723,0.49,254,97.875,0.27004857149479,-1.30915344173768
"TN05","TN05_9091654",30,"30 months","TN05_9091654_30",917,0.11,NA,24.225,0.0668396081171013,-2.70545943827181
"TN05","TN05_9092380",1,"screening","TN05_9092380_1",-21,1.83,178,411.15,1.13441093404938,0.126113515368262
"TN05","TN05_9092380",11,"12 weeks","TN05_9092380_11",84,2.3,NA,556.05,1.53420698012442,0.428013622216209
"TN05","TN05_9092380",16,"26 weeks","TN05_9092380_16",173,2.34,NA,736.125,2.03105496492059,0.708555345216093
"TN05","TN05_9092380",18,"52 weeks","TN05_9092380_18",363,3.01,167,525.9,1.45101960407775,0.372266484546656
"TN05","TN05_9092380",27,"78 weeks","TN05_9092380_27",537,1.79,NA,566.325,1.5625569067871,0.446323522308957
"TN05","TN05_9092380",29,"104 weeks","TN05_9092380_29",720,3.33,204,649.05,1.79080485648729,0.582665159290361
"TN05","TN05_9092380",30,"30 months","TN05_9092380_30",903,1.66,NA,500.25,1.38024825430671,0.3222633774152
"TN05","TN05_9095913",1,"screening","TN05_9095913_1",-19,1.15,110,223.35,0.616248770813399,-0.484104548250515
"TN05","TN05_9095913",11,"12 weeks","TN05_9095913_11",78,0.62,NA,147.3,0.406417926755378,-0.900373272580058
"TN05","TN05_9095913",16,"26 weeks","TN05_9095913_16",173,0.81,NA,144.6,0.398968310990004,-0.918873286323978
"TN05","TN05_9095913",18,"52 weeks","TN05_9095913_18",362,0.71,239,140.7,0.388207754884465,-0.946214631928299
"TN05","TN05_9095913",27,"78 weeks","TN05_9095913_27",537,0.45,NA,85.275,0.235283697923047,-1.44696326774393
"TN05","TN05_9095913",29,"104 weeks","TN05_9095913_29",736,0.37,277,71.775,0.19803561909618,-1.61930837004151
"TN05","TN05_9095913",30,"30 months","TN05_9095913_30",924,0.22,NA,35.625,0.0982935413486784,-2.31979695745983
"TN05","TN05_9096837",1,"screening","TN05_9096837_1",-13,1.26,110,243.375,0.671500087739919,-0.398241132356278
"TN05","TN05_9096837",11,"12 weeks","TN05_9096837_11",78,0.58,NA,217.5,0.600107936655089,-0.510645745519904
"TN05","TN05_9096837",16,"26 weeks","TN05_9096837_16",174,0.74,NA,208.425,0.575068950332584,-0.553265331751965
"TN05","TN05_9096837",18,"52 weeks","TN05_9096837_18",355,0.38,77,189.825,0.523749375060011,-0.646742000949345
"TN05","TN05_9096837",27,"78 weeks","TN05_9096837_27",547,0.91,NA,NA,NA,NA
"TN05","TN05_9096837",29,"104 weeks","TN05_9096837_29",735,0.35,201,100.2,0.276463518403862,-1.28567640739788
"TN05","TN05_9096837",30,"30 months","TN05_9096837_30",943,0.43,NA,99.15,0.273566445606217,-1.29621074108284
"TN05","TN05_924617",1,"screening","TN05_924617_1",-14,0.87,74,221.025,0.609833823904327,-0.494568778756774
"TN05","TN05_924617",11,"12 weeks","TN05_924617_11",83,0.54,NA,195.525,0.539476341675799,-0.617156347560967
"TN05","TN05_924617",16,"26 weeks","TN05_924617_16",181,0.64,NA,240.825,0.664464339517066,-0.408774067404955
"TN05","TN05_924617",18,"52 weeks","TN05_924617_18",376,1.13,181,202.275,0.558100381089233,-0.583216438354739
"TN05","TN05_924617",27,"78 weeks","TN05_924617_27",544,0.81,NA,176.925,0.488156766403226,-0.717118682086794
"TN05","TN05_924617",29,"104 weeks","TN05_924617_29",726,0.64,203,155.1,0.427939038966457,-0.848774525866149
"TN05","TN05_924617",30,"30 months","TN05_924617_30",901,0.37,NA,90.525,0.249769061911273,-1.38721854039694
"TN05","TN05_935526",1,"screening","TN05_935526_1",-25,0.56,184,114.375,0.315574001172073,-1.15336207245296
"TN05","TN05_935526",16,"26 weeks","TN05_935526_16",189,0.1,NA,25.5,0.0703574822285277,-2.65416614388426
"TN05","TN05_935526",27,"78 weeks","TN05_935526_27",553,0.025,NA,3,0.00827735085041503,-4.79423230738053
"TN05","TN05_935526",29,"104 weeks","TN05_935526_29",721,0.025,226,3,0.00827735085041503,-4.79423230738053
"TN05","TN05_935526",30,"30 months","TN05_935526_30",917,0.025,NA,3,0.00827735085041503,-4.79423230738053
"TN05","TN05_969759",1,"screening","TN05_969759_1",-20,0.59,104,134.1,0.369997583013552,-0.99425880576101
"TN05","TN05_969759",11,"12 weeks","TN05_969759_11",91,0.34,NA,177.45,0.489605302802049,-0.714155716956137
"TN05","TN05_969759",16,"26 weeks","TN05_969759_16",178,0.59,NA,181.8,0.501607461535151,-0.689937414305264
"TN05","TN05_969759",18,"52 weeks","TN05_969759_18",360,0.27,199,100.125,0.276256584632601,-1.28642519066012
"TN05","TN05_969759",27,"78 weeks","TN05_969759_27",546,0.28,NA,48.975,0.135127752633025,-2.00153463221804
"TN05","TN05_969759",29,"104 weeks","TN05_969759_29",736,0.26,288,43.275,0.119400786017237,-2.12526949498637
"TN05","TN05_969759",30,"30 months","TN05_969759_30",917,0.025,NA,18.4875,0.0510091746156826,-2.97574976801172
"TN05","TN05_980614",1,"screening","TN05_980614_1",-27,1.03,107,275.775,0.760895476924401,-0.273259280193197
"TN05","TN05_980614",11,"12 weeks","TN05_980614_11",77,1.13,NA,281.775,0.777450178625231,-0.2517357159205
"TN05","TN05_980614",16,"26 weeks","TN05_980614_16",189,0.6,NA,198.3,0.547132891212433,-0.603063560522892
"TN05","TN05_980614",18,"52 weeks","TN05_980614_18",372,1.17,108,318.075,0.877606123915253,-0.130557392019878
"TN05","TN05_980614",27,"78 weeks","TN05_980614_27",553,0.38,NA,185.925,0.512988818954471,-0.667501229459278
"TN05","TN05_980614",29,"104 weeks","TN05_980614_29",731,0.42,108,194.4,0.536372335106894,-0.622926704022304
"TN05","TN05_980614",30,"30 months","TN05_980614_30",931,0.65,NA,190.725,0.526232580315135,-0.642011996072349
"TN05","TN05_985074",1,"screening","TN05_985074_1",-14,1.01,104,236.1,0.651427511927663,-0.428589151957175
"TN05","TN05_985074",11,"12 weeks","TN05_985074_11",83,0.68,NA,190.35,0.525197911458833,-0.643980113220136
"TN05","TN05_985074",16,"26 weeks","TN05_985074_16",173,1.03,NA,196.575,0.542373414473445,-0.611800558171062
"TN05","TN05_985074",18,"52 weeks","TN05_985074_18",358,0.16,225,66.75,0.184171056421734,-1.69189029876828
"TN05","TN05_985074",27,"78 weeks","TN05_985074_27",546,0.14,NA,36.3,0.100155945290022,-2.30102685477784
"TN05","TN05_985074",29,"104 weeks","TN05_985074_29",728,0.06,262,21.375,0.0589761248092071,-2.83062258122582
"TN05","TN05_985074",30,"30 months","TN05_985074_30",919,0.025,NA,14.6625,0.0404555522814034,-3.20755138206905
